Habit,Date,Value,Unit,Memo,Tag
Active Listening,2022-06-09,70,min,,
Active Listening,2022-06-13,10,min,,
Active Listening,2022-06-16,19.48,min,,
Active Listening,2022-06-23,30,min,,
Active Listening,2022-06-24,30,min,,
Active Listening,2022-06-25,30,min,,
Active Listening,2022-06-26,36,min,,
Active Listening,2022-06-27,66,min,,
Active Listening,2022-06-28,66,min,,
Active Listening,2022-06-29,75,min,,
Active Listening,2022-06-30,50,min,,
Active Listening,2022-07-01,60,min,,
Active Listening,2022-07-02,61,min,,
Active Listening,2022-07-03,15,min,,
Active Listening,2022-07-04,30,min,,
Active Listening,2022-07-08,29,min,,
Active Listening,2022-07-10,89,min,,
Active Listening,2022-07-11,60,min,,
Active Listening,2022-07-12,60,min,,
Active Listening,2022-07-13,60,min,,
Active Listening,2022-07-14,65,min,,
Active Listening,2022-07-15,60,min,,
Active Listening,2022-07-17,60,min,,
Active Listening,2022-07-18,46,min,,
Active Listening,2022-07-19,50,min,,
Active Listening,2022-07-20,61,min,,
Active Listening,2022-07-21,80,min,,
Active Listening,2022-07-22,60,min,,
Active Listening,2022-07-23,63,min,,
Active Listening,2022-07-24,101,min,,
Active Listening,2022-07-25,61,min,,
Active Listening,2022-07-26,68,min,,
Active Listening,2022-07-27,60,min,,
Active Listening,2022-07-30,60,min,,
Active Listening,2022-07-31,61,min,,
Active Listening,2022-08-01,60,min,,
Active Listening,2022-08-02,60,min,,
Active Listening,2022-08-03,60,min,,
Active Listening,2022-08-04,64,min,,
Active Listening,2022-08-05,69,min,,
Active Listening,2022-08-06,60,min,,
Active Listening,2022-08-07,60,min,,
Active Listening,2022-08-08,64,min,,
Active Listening,2022-08-09,60,min,,
Active Listening,2022-08-10,56,min,,
Active Listening,2022-08-12,28,min,,
Active Listening,2022-08-13,25,min,,
Active Listening,2022-08-14,4,min,,
Active Listening,2022-08-22,60,min,,
Active Listening,2022-08-23,60,min,,
Active Listening,2022-08-24,60,min,,
Active Listening,2022-08-25,60,min,,
Active Listening,2022-08-26,60,min,,
Active Listening,2022-08-29,72,min,,
Active Listening,2022-08-30,60,min,,
Active Listening,2022-08-31,45,min,,
Active Listening,2022-09-01,60,min,,
Active Listening,2022-09-02,60,min,,
Active Listening,2022-09-03,4,min,,
Active Listening,2022-09-05,48,min,,
Active Listening,2022-09-06,60,min,,
Active Listening,2022-09-08,60,min,,
Active Listening,2022-09-09,64,min,,
Active Listening,2022-09-12,65,min,,
Active Listening,2022-09-13,60,min,,
Active Listening,2022-09-14,61,min,,
Active Listening,2022-09-15,61,min,,
Active Listening,2022-09-16,60,min,,
Active Listening,2022-09-19,61,min,,
Active Listening,2022-09-20,42,min,,
Active Listening,2022-09-21,56,min,,
Active Listening,2022-09-22,64,min,,
Active Listening,2022-09-23,60,min,,
Active Listening,2022-09-27,21,min,,
Active Listening,2022-09-29,124,min,,
Active Listening,2022-10-05,5,min,,
Active Listening,2022-10-07,60,min,,
Active Listening,2022-10-10,66,min,,
Active Listening,2022-10-22,20,min,,
Active Listening,2022-10-26,10,min,,
Active Listening,2022-10-31,25,min,,
Active Listening,2022-11-02,13,min,,
Study flashcards,2020-09-06,35,min,,Priority
Study flashcards,2020-09-07,35,min,,Priority
Study flashcards,2020-09-08,21.42,min,,Priority
Study flashcards,2020-09-09,35,min,,Priority
Study flashcards,2020-09-10,45,min,,Priority
Study flashcards,2020-09-11,45,min,,Priority
Study flashcards,2020-09-12,45,min,,Priority
Study flashcards,2020-09-13,45,min,,Priority
Study flashcards,2020-09-14,45,min,,Priority
Study flashcards,2020-09-15,45,min,,Priority
Study flashcards,2020-09-16,15,min,,Priority
Study flashcards,2020-09-17,45,min,,Priority
Study flashcards,2020-09-18,45,min,,Priority
Study flashcards,2020-09-19,45,min,,Priority
Study flashcards,2020-09-20,46.25,min,,Priority
Study flashcards,2020-09-21,0,min,ðŸ˜€ Focusing on fluent forever this week,Priority
Study flashcards,2020-09-22,15,min,ðŸ˜€ Skipping to focus on fluent forever,Priority
Study flashcards,2020-09-23,15,min,,Priority
Study flashcards,2020-09-24,15,min,,Priority
Study flashcards,2020-09-25,7.37,min,,Priority
Study flashcards,2020-09-26,15,min,,Priority
Study flashcards,2020-09-28,30,min,,Priority
Study flashcards,2020-09-29,15,min,ðŸ˜€ Skipped while making new radical cards,Priority
Study flashcards,2020-09-30,15,min,,Priority
Study flashcards,2020-10-01,25,min,,Priority
Study flashcards,2020-10-02,30,min,,Priority
Study flashcards,2020-10-03,27,min,,Priority
Study flashcards,2020-10-04,30.18,min,,Priority
Study flashcards,2020-10-05,30.07,min,,Priority
Study flashcards,2020-10-06,42.13,min,,Priority
Study flashcards,2020-10-07,43.12,min,,Priority
Study flashcards,2020-10-08,60.18,min,,Priority
Study flashcards,2020-10-09,48.85,min,,Priority
Study flashcards,2020-10-10,62.03,min,,Priority
Study flashcards,2020-10-11,85.93,min,,Priority
Study flashcards,2020-10-12,60,min,,Priority
Study flashcards,2020-10-13,75.65,min,,Priority
Study flashcards,2020-10-14,77.58,min,,Priority
Study flashcards,2020-10-15,95.93,min,,Priority
Study flashcards,2020-10-16,73.98,min,,Priority
Study flashcards,2020-10-17,68.27,min,,Priority
Study flashcards,2020-10-18,97.03,min,,Priority
Study flashcards,2020-10-19,84.57,min,,Priority
Study flashcards,2020-10-20,80.6,min,,Priority
Study flashcards,2020-10-21,79.45,min,,Priority
Study flashcards,2020-10-22,109.12,min,,Priority
Study flashcards,2020-10-23,64.68,min,,Priority
Study flashcards,2020-10-24,56.65,min,,Priority
Study flashcards,2020-10-25,62.95,min,,Priority
Study flashcards,2020-10-26,72.78,min,,Priority
Study flashcards,2020-10-27,67.23,min,,Priority
Study flashcards,2020-10-28,69.45,min,,Priority
Study flashcards,2020-10-29,68.95,min,,Priority
Study flashcards,2020-10-30,70.22,min,,Priority
Study flashcards,2020-10-31,80.23,min,,Priority
Study flashcards,2020-11-01,86.1,min,,Priority
Study flashcards,2020-11-02,70.92,min,,Priority
Study flashcards,2020-11-03,68.62,min,,Priority
Study flashcards,2020-11-04,70.58,min,,Priority
Study flashcards,2020-11-05,72.4,min,,Priority
Study flashcards,2020-11-06,65.92,min,,Priority
Study flashcards,2020-11-07,74.57,min,,Priority
Study flashcards,2020-11-08,71.75,min,,Priority
Study flashcards,2020-11-09,81.5,min,,Priority
Study flashcards,2020-11-10,90.25,min,,Priority
Study flashcards,2020-11-11,83.92,min,,Priority
Study flashcards,2020-11-12,72.53,min,,Priority
Study flashcards,2020-11-13,77.32,min,,Priority
Study flashcards,2020-11-14,76.27,min,,Priority
Study flashcards,2020-11-15,65.33,min,,Priority
Study flashcards,2020-11-16,84.25,min,,Priority
Study flashcards,2020-11-17,81.52,min,,Priority
Study flashcards,2020-11-18,69.3,min,,Priority
Study flashcards,2020-11-19,80.82,min,,Priority
Study flashcards,2020-11-20,91.13,min,,Priority
Study flashcards,2020-11-21,59.98,min,,Priority
Study flashcards,2020-11-22,80,min,,Priority
Study flashcards,2020-11-23,92.5,min,,Priority
Study flashcards,2020-11-24,82.47,min,,Priority
Study flashcards,2020-11-25,75.82,min,,Priority
Study flashcards,2020-11-26,82.75,min,,Priority
Study flashcards,2020-11-27,72,min,,Priority
Study flashcards,2020-11-28,79.47,min,,Priority
Study flashcards,2020-11-29,83.1,min,,Priority
Study flashcards,2020-11-30,84.35,min,,Priority
Study flashcards,2020-12-01,76.92,min,,Priority
Study flashcards,2020-12-02,93.97,min,,Priority
Study flashcards,2020-12-03,63.83,min,,Priority
Study flashcards,2020-12-04,79.63,min,,Priority
Study flashcards,2020-12-05,59.2,min,,Priority
Study flashcards,2020-12-06,91.3,min,,Priority
Study flashcards,2020-12-08,83.68,min,,Priority
Study flashcards,2020-12-09,89,min,,Priority
Study flashcards,2020-12-26,46.22,min,,Priority
Study flashcards,2020-12-27,52.3,min,,Priority
Study flashcards,2020-12-28,58.58,min,,Priority
Study flashcards,2020-12-29,58.43,min,,Priority
Study flashcards,2020-12-30,51.27,min,,Priority
Study flashcards,2020-12-31,62.5,min,,Priority
Study flashcards,2021-01-01,59.5,min,,Priority
Study flashcards,2021-01-02,55.22,min,,Priority
Study flashcards,2021-01-03,57.12,min,,Priority
Study flashcards,2021-01-04,54.98,min,,Priority
Study flashcards,2021-01-05,59,min,,Priority
Study flashcards,2021-01-06,42.3,min,,Priority
Study flashcards,2021-01-07,31.88,min,,Priority
Study flashcards,2021-01-08,46.02,min,,Priority
Study flashcards,2021-01-09,56.72,min,,Priority
Study flashcards,2021-01-10,60.12,min,,Priority
Study flashcards,2021-01-11,54.75,min,,Priority
Study flashcards,2021-01-12,60.03,min,,Priority
Study flashcards,2021-01-13,63.35,min,,Priority
Study flashcards,2021-01-14,53.52,min,,Priority
Study flashcards,2021-01-15,64.45,min,,Priority
Study flashcards,2021-01-16,59.43,min,,Priority
Study flashcards,2021-01-17,64.87,min,,Priority
Study flashcards,2021-01-18,64.65,min,,Priority
Study flashcards,2021-01-19,64.42,min,,Priority
Study flashcards,2021-01-20,62.82,min,,Priority
Study flashcards,2021-01-21,59.12,min,,Priority
Study flashcards,2021-01-22,72.37,min,,Priority
Study flashcards,2021-01-23,62.65,min,,Priority
Study flashcards,2021-01-24,63.35,min,,Priority
Study flashcards,2021-01-25,55.7,min,,Priority
Study flashcards,2021-01-26,14.57,min,,Priority
Study flashcards,2021-01-27,60.1,min,,Priority
Study flashcards,2021-01-28,65.37,min,,Priority
Study flashcards,2021-01-29,69.03,min,,Priority
Study flashcards,2021-01-30,46.27,min,,Priority
Study flashcards,2021-01-31,14.35,min,,Priority
Study flashcards,2021-02-01,22.5,min,,Priority
Study flashcards,2021-02-02,3.52,min,,Priority
Study flashcards,2021-02-03,62.02,min,,Priority
Study flashcards,2021-02-04,33,min,,Priority
Study flashcards,2021-02-06,61.97,min,,Priority
Study flashcards,2021-02-07,2.45,min,,Priority
Study flashcards,2021-02-08,20.4,min,,Priority
Study flashcards,2021-02-09,30,min,,Priority
Study flashcards,2021-02-13,96.82,min,,Priority
Study flashcards,2021-02-14,52.75,min,,Priority
Study flashcards,2021-02-15,25.1,min,,Priority
Study flashcards,2021-02-16,23.38,min,,Priority
Study flashcards,2021-02-19,67.18,min,,Priority
Study flashcards,2021-02-20,30.93,min,,Priority
Study flashcards,2021-02-21,28.62,min,,Priority
Study flashcards,2021-02-24,0.5,min,,Priority
Study flashcards,2021-02-25,32.17,min,,Priority
Study flashcards,2021-02-28,56.93,min,,Priority
Study flashcards,2021-03-01,81.9,min,,Priority
Study flashcards,2021-03-02,29.02,min,,Priority
Study flashcards,2021-03-03,24.38,min,,Priority
Study flashcards,2021-03-05,32.43,min,,Priority
Study flashcards,2021-03-07,65.93,min,,Priority
Study flashcards,2021-03-08,42.88,min,,Priority
Study flashcards,2021-03-09,6.08,min,,Priority
Study flashcards,2021-03-10,46.02,min,,Priority
Study flashcards,2021-03-11,17.47,min,,Priority
Study flashcards,2021-03-13,27.17,min,,Priority
Study flashcards,2021-03-14,35.92,min,,Priority
Study flashcards,2021-03-15,46.57,min,,Priority
Study flashcards,2021-03-17,13.95,min,,Priority
Study flashcards,2021-03-18,70.32,min,,Priority
Study flashcards,2021-03-20,42.5,min,,Priority
Study flashcards,2021-03-20,37.48,min,,Priority
Study flashcards,2021-03-21,26.38,min,,Priority
Study flashcards,2021-03-22,45.18,min,,Priority
Study flashcards,2021-03-23,63.75,min,,Priority
Study flashcards,2021-03-25,20.55,min,,Priority
Study flashcards,2021-03-25,50.13,min,,Priority
Study flashcards,2021-03-28,3.65,min,,Priority
Study flashcards,2021-03-28,126.85,min,,Priority
Study flashcards,2021-03-29,34.85,min,,Priority
Study flashcards,2021-04-01,56.85,min,,Priority
Study flashcards,2021-04-03,11.67,min,,Priority
Study flashcards,2021-04-03,64.93,min,,Priority
Study flashcards,2021-04-04,34.25,min,,Priority
Study flashcards,2021-04-05,41.83,min,,Priority
Study flashcards,2021-04-06,38.47,min,,Priority
Study flashcards,2021-04-07,25.18,min,,Priority
Study flashcards,2021-04-08,39.3,min,,Priority
Study flashcards,2021-04-10,72.35,min,,Priority
Study flashcards,2021-04-11,43.62,min,,Priority
Study flashcards,2021-04-12,37.97,min,,Priority
Study flashcards,2021-04-13,41.8,min,,Priority
Study flashcards,2021-04-14,67.28,min,,Priority
Study flashcards,2021-04-15,28.83,min,,Priority
Study flashcards,2021-04-16,17.37,min,,Priority
Study flashcards,2021-04-17,38.55,min,,Priority
Study flashcards,2021-04-18,48.28,min,,Priority
Study flashcards,2021-04-19,51.77,min,,Priority
Study flashcards,2021-04-20,55.27,min,,Priority
Study flashcards,2021-04-21,49.07,min,,Priority
Study flashcards,2021-04-22,49.83,min,,Priority
Study flashcards,2021-04-24,14.47,min,,Priority
Study flashcards,2021-04-25,106.63,min,,Priority
Study flashcards,2021-04-26,64.63,min,,Priority
Study flashcards,2021-04-27,46.78,min,,Priority
Study flashcards,2021-04-28,33.42,min,,Priority
Study flashcards,2021-04-29,80.73,min,,Priority
Study flashcards,2021-04-30,20.63,min,,Priority
Study flashcards,2021-05-01,86.65,min,,Priority
Study flashcards,2021-05-02,31.35,min,,Priority
Study flashcards,2021-05-03,51.28,min,,Priority
Study flashcards,2021-05-04,54.8,min,,Priority
Study flashcards,2021-05-05,62.2,min,,Priority
Study flashcards,2021-05-06,55.82,min,,Priority
Study flashcards,2021-05-08,5.7,min,,Priority
Study flashcards,2021-05-08,22.6,min,,Priority
Study flashcards,2021-05-09,94.12,min,,Priority
Study flashcards,2021-05-10,51.63,min,,Priority
Study flashcards,2021-05-11,48.48,min,,Priority
Study flashcards,2021-05-12,59.38,min,,Priority
Study flashcards,2021-05-13,54.28,min,,Priority
Study flashcards,2021-05-15,17.22,min,,Priority
Study flashcards,2021-05-17,64.53,min,,Priority
Study flashcards,2021-05-18,42.85,min,,Priority
Study flashcards,2021-05-19,47.48,min,,Priority
Study flashcards,2021-05-20,58.28,min,,Priority
Study flashcards,2021-05-21,50.3,min,,Priority
Study flashcards,2021-05-22,61.95,min,,Priority
Study flashcards,2021-05-23,59.02,min,,Priority
Study flashcards,2021-05-24,52.38,min,,Priority
Study flashcards,2021-05-25,56.02,min,,Priority
Study flashcards,2021-05-26,56.47,min,,Priority
Study flashcards,2021-05-27,53.57,min,,Priority
Study flashcards,2021-05-28,58.08,min,,Priority
Study flashcards,2021-05-29,56.47,min,,Priority
Study flashcards,2021-05-30,61.12,min,,Priority
Study flashcards,2021-05-31,70.83,min,,Priority
Study flashcards,2021-06-01,62.35,min,,Priority
Study flashcards,2021-06-02,48.17,min,,Priority
Study flashcards,2021-06-03,49.75,min,,Priority
Study flashcards,2021-06-04,57.7,min,,Priority
Study flashcards,2021-06-05,57.37,min,,Priority
Study flashcards,2021-06-06,69.62,min,,Priority
Study flashcards,2021-06-07,64.2,min,,Priority
Study flashcards,2021-06-08,71.58,min,,Priority
Study flashcards,2021-06-09,51.1,min,,Priority
Study flashcards,2021-06-10,85.9,min,,Priority
Study flashcards,2021-06-11,43.13,min,,Priority
Study flashcards,2021-06-13,12.07,min,,Priority
Study flashcards,2021-06-14,38.33,min,,Priority
Study flashcards,2021-06-14,41.45,min,,Priority
Study flashcards,2021-06-16,34.43,min,,Priority
Study flashcards,2021-06-17,12.37,min,,Priority
Study flashcards,2021-06-18,28.87,min,,Priority
Study flashcards,2021-06-19,28.73,min,,Priority
Study flashcards,2021-06-19,12.57,min,,Priority
Study flashcards,2021-06-21,28.63,min,,Priority
Study flashcards,2021-06-22,93.05,min,,Priority
Study flashcards,2021-06-23,46.75,min,,Priority
Study flashcards,2021-06-24,42.6,min,,Priority
Study flashcards,2021-06-25,60.73,min,,Priority
Study flashcards,2021-06-26,54.67,min,,Priority
Study flashcards,2021-06-27,43.92,min,,Priority
Study flashcards,2021-06-28,40.82,min,,Priority
Study flashcards,2021-06-29,48.68,min,,Priority
Study flashcards,2021-06-30,44.83,min,,Priority
Study flashcards,2021-07-02,42.27,min,,Priority
Study flashcards,2021-07-04,50.48,min,,Priority
Study flashcards,2021-07-05,43.1,min,,Priority
Study flashcards,2021-07-06,49.83,min,,Priority
Study flashcards,2021-07-07,51.93,min,,Priority
Study flashcards,2021-07-08,28.78,min,,Priority
Study flashcards,2021-07-09,34.67,min,,Priority
Study flashcards,2021-07-10,0.47,min,,Priority
Study flashcards,2021-07-11,22.2,min,,Priority
Study flashcards,2021-07-12,57.79,min,,Priority
Study flashcards,2021-07-13,43.55,min,,Priority
Study flashcards,2021-07-14,40.08,min,,Priority
Study flashcards,2021-07-15,31.97,min,,Priority
Study flashcards,2021-07-16,50.78,min,,Priority
Study flashcards,2021-07-17,56.1,min,,Priority
Study flashcards,2021-07-18,46.37,min,,Priority
Study flashcards,2021-07-19,39.82,min,,Priority
Study flashcards,2021-07-20,19.93,min,,Priority
Study flashcards,2021-07-21,48.6,min,,Priority
Study flashcards,2021-07-22,40.03,min,,Priority
Study flashcards,2021-07-23,29,min,,Priority
Study flashcards,2021-07-24,27.52,min,,Priority
Study flashcards,2021-07-25,22.32,min,,Priority
Study flashcards,2021-07-26,69.18,min,,Priority
Study flashcards,2021-07-27,17.87,min,,Priority
Study flashcards,2021-07-28,30.45,min,,Priority
Study flashcards,2021-07-29,23.55,min,,Priority
Study flashcards,2021-07-31,26.97,min,,Priority
Study flashcards,2021-07-31,32.15,min,,Priority
Study flashcards,2021-08-02,28.7,min,,Priority
Study flashcards,2021-08-03,14,min,,Priority
Study flashcards,2021-08-03,106.12,min,,Priority
Study flashcards,2021-08-05,9.83,min,,Priority
Study flashcards,2021-08-05,4.27,min,,Priority
Study flashcards,2021-08-06,61.6,min,,Priority
Study flashcards,2021-08-09,36.03,min,,Priority
Study flashcards,2021-08-10,42.62,min,,Priority
Study flashcards,2021-08-11,39.68,min,,Priority
Study flashcards,2021-08-14,34.3,min,,Priority
Study flashcards,2021-08-15,33.38,min,,Priority
Study flashcards,2021-08-16,1.9,min,,Priority
Study flashcards,2021-08-17,15.45,min,,Priority
Study flashcards,2021-08-18,68.8,min,,Priority
Study flashcards,2021-08-19,12.82,min,,Priority
Study flashcards,2021-08-20,2.65,min,,Priority
Study flashcards,2021-08-21,57.6,min,,Priority
Study flashcards,2021-08-22,49.27,min,,Priority
Study flashcards,2021-08-24,6.62,min,,Priority
Study flashcards,2021-08-25,20.43,min,,Priority
Study flashcards,2021-08-27,59.6,min,,Priority
Study flashcards,2021-08-28,30.58,min,,Priority
Study flashcards,2021-08-29,36.38,min,,Priority
Study flashcards,2021-08-30,48.57,min,,Priority
Study flashcards,2021-08-31,34.8,min,,Priority
Study flashcards,2021-09-01,39.5,min,,Priority
Study flashcards,2021-09-02,14.6,min,,Priority
Study flashcards,2021-09-03,35.42,min,,Priority
Study flashcards,2021-09-04,43.52,min,,Priority
Study flashcards,2021-09-05,55.98,min,,Priority
Study flashcards,2021-09-06,58.67,min,,Priority
Study flashcards,2021-09-07,29.37,min,,Priority
Study flashcards,2021-09-08,45.75,min,,Priority
Study flashcards,2021-09-09,47.05,min,,Priority
Study flashcards,2021-09-10,44.48,min,,Priority
Study flashcards,2021-09-11,57.23,min,,Priority
Study flashcards,2021-09-12,51.85,min,,Priority
Study flashcards,2021-09-15,44.35,min,,Priority
Study flashcards,2021-09-16,45.57,min,,Priority
Study flashcards,2021-09-17,56.37,min,,Priority
Study flashcards,2021-09-18,40.67,min,,Priority
Study flashcards,2021-09-21,35.33,min,,Priority
Study flashcards,2021-09-22,34.37,min,,Priority
Study flashcards,2021-09-23,34.95,min,,Priority
Study flashcards,2021-09-24,12.37,min,,Priority
Study flashcards,2021-09-25,59.27,min,,Priority
Study flashcards,2021-09-26,34.98,min,,Priority
Study flashcards,2021-09-27,12.8,min,,Priority
Study flashcards,2021-09-28,17.62,min,,Priority
Study flashcards,2021-09-29,35.9,min,,Priority
Study flashcards,2021-09-30,6,min,,Priority
Study flashcards,2021-10-01,54.95,min,,Priority
Study flashcards,2021-10-03,51.18,min,,Priority
Study flashcards,2021-10-04,14.67,min,,Priority
Study flashcards,2021-10-05,18.08,min,,Priority
Study flashcards,2021-10-06,41.92,min,,Priority
Study flashcards,2021-10-07,29.32,min,,Priority
Study flashcards,2021-10-08,45.23,min,,Priority
Study flashcards,2021-10-09,47.3,min,,Priority
Study flashcards,2021-10-10,30.2,min,,Priority
Study flashcards,2021-10-11,47.33,min,,Priority
Study flashcards,2021-10-12,55.05,min,,Priority
Study flashcards,2021-10-13,54.57,min,,Priority
Study flashcards,2021-10-14,16,min,,Priority
Study flashcards,2021-10-15,0.32,min,,Priority
Study flashcards,2021-10-16,87.32,min,,Priority
Study flashcards,2021-10-17,66.38,min,,Priority
Study flashcards,2021-10-18,48.1,min,,Priority
Study flashcards,2021-10-19,8.7,min,,Priority
Study flashcards,2021-10-20,73.38,min,,Priority
Study flashcards,2021-10-21,31.55,min,,Priority
Study flashcards,2021-10-23,16.8,min,,Priority
Study flashcards,2021-10-24,92.2,min,,Priority
Study flashcards,2021-10-25,51.83,min,,Priority
Study flashcards,2021-10-26,44.22,min,,Priority
Study flashcards,2021-10-28,60,min,,Priority
Study flashcards,2021-10-29,53.27,min,,Priority
Study flashcards,2021-10-30,36.33,min,,Priority
Study flashcards,2021-11-01,41.12,min,,Priority
Study flashcards,2021-11-02,50.48,min,,Priority
Study flashcards,2021-11-03,44.03,min,,Priority
Study flashcards,2021-11-04,21.13,min,,Priority
Study flashcards,2021-11-05,51.4,min,,Priority
Study flashcards,2021-11-06,51.4,min,,Priority
Study flashcards,2021-11-07,34.17,min,,Priority
Study flashcards,2021-11-08,49.08,min,,Priority
Study flashcards,2021-11-09,56.93,min,,Priority
Study flashcards,2021-11-10,21.9,min,,Priority
Study flashcards,2021-11-11,7.42,min,,Priority
Study flashcards,2021-11-13,76.78,min,,Priority
Study flashcards,2021-11-14,71.8,min,,Priority
Study flashcards,2021-11-15,4.82,min,,Priority
Study flashcards,2021-11-16,26.12,min,,Priority
Study flashcards,2021-11-17,36.32,min,,Priority
Study flashcards,2021-11-18,40.43,min,,Priority
Study flashcards,2021-11-19,33.88,min,,Priority
Study flashcards,2021-11-21,17.23,min,,Priority
Study flashcards,2021-11-21,31.68,min,,Priority
Study flashcards,2021-11-22,32,min,,Priority
Study flashcards,2021-11-23,15.85,min,,Priority
Study flashcards,2021-11-24,32.25,min,,Priority
Study flashcards,2021-11-25,32.45,min,,Priority
Study flashcards,2021-11-26,30.53,min,,Priority
Study flashcards,2021-11-27,19.32,min,,Priority
Study flashcards,2021-11-28,13.27,min,,Priority
Study flashcards,2021-11-29,45.45,min,,Priority
Study flashcards,2021-11-30,22.3,min,,Priority
Study flashcards,2021-12-01,50.37,min,,Priority
Study flashcards,2021-12-02,42.35,min,,Priority
Study flashcards,2021-12-03,37.97,min,,Priority
Study flashcards,2021-12-04,23.82,min,,Priority
Study flashcards,2021-12-05,42.47,min,,Priority
Study flashcards,2021-12-06,36.47,min,,Priority
Study flashcards,2021-12-08,35.7,min,,Priority
Study flashcards,2021-12-09,14.78,min,,Priority
Study flashcards,2021-12-10,35.33,min,,Priority
Study flashcards,2021-12-11,36.28,min,,Priority
Study flashcards,2021-12-12,42.57,min,,Priority
Study flashcards,2021-12-13,42.42,min,,Priority
Study flashcards,2021-12-14,46.18,min,,Priority
Study flashcards,2021-12-15,35.37,min,,Priority
Study flashcards,2021-12-16,48.83,min,,Priority
Study flashcards,2021-12-17,0,min,,Priority
Study flashcards,2021-12-18,84.68,min,,Priority
Study flashcards,2021-12-19,45.5,min,,Priority
Study flashcards,2021-12-20,25.05,min,,Priority
Study flashcards,2021-12-21,28.35,min,,Priority
Study flashcards,2021-12-22,44.97,min,,Priority
Study flashcards,2021-12-23,35.72,min,,Priority
Study flashcards,2021-12-24,28.85,min,,Priority
Study flashcards,2021-12-25,40.78,min,,Priority
Study flashcards,2021-12-26,45.52,min,,Priority
Study flashcards,2021-12-27,40.98,min,,Priority
Study flashcards,2021-12-28,34.07,min,,Priority
Study flashcards,2021-12-29,35.18,min,,Priority
Study flashcards,2021-12-30,31.82,min,,Priority
Study flashcards,2021-12-31,1.67,min,,Priority
Study flashcards,2022-01-01,42.65,min,,Priority
Study flashcards,2022-01-02,58.5,min,,Priority
Study flashcards,2022-01-03,29.47,min,,Priority
Study flashcards,2022-01-04,56.92,min,,Priority
Study flashcards,2022-01-05,47.05,min,,Priority
Study flashcards,2022-01-06,43.13,min,,Priority
Study flashcards,2022-01-07,45.98,min,,Priority
Study flashcards,2022-01-08,47.18,min,,Priority
Study flashcards,2022-01-09,48.97,min,,Priority
Study flashcards,2022-01-10,58.97,min,,Priority
Study flashcards,2022-01-11,54.75,min,,Priority
Study flashcards,2022-01-12,49.12,min,,Priority
Study flashcards,2022-01-13,94.52,min,,Priority
Study flashcards,2022-01-14,41.85,min,,Priority
Study flashcards,2022-01-15,42.57,min,,Priority
Study flashcards,2022-01-16,40.02,min,,Priority
Study flashcards,2022-01-17,35.8,min,,Priority
Study flashcards,2022-01-18,30.82,min,,Priority
Study flashcards,2022-01-19,45.45,min,,Priority
Study flashcards,2022-01-20,55.08,min,,Priority
Study flashcards,2022-01-21,37.87,min,,Priority
Study flashcards,2022-01-22,30.02,min,,Priority
Study flashcards,2022-01-23,51.35,min,,Priority
Study flashcards,2022-01-24,50.7,min,,Priority
Study flashcards,2022-01-25,48.33,min,,Priority
Study flashcards,2022-01-26,43.3,min,,Priority
Study flashcards,2022-01-27,36.78,min,,Priority
Study flashcards,2022-01-28,43.07,min,,Priority
Study flashcards,2022-01-29,42.17,min,ðŸ˜€ ,Priority
Study flashcards,2022-01-30,36.67,min,,Priority
Study flashcards,2022-01-31,8.17,min,,Priority
Study flashcards,2022-02-01,49.08,min,,Priority
Study flashcards,2022-02-02,45.15,min,,Priority
Study flashcards,2022-02-03,49.63,min,,Priority
Study flashcards,2022-02-04,50.3,min,,Priority
Study flashcards,2022-02-05,49.53,min,,Priority
Study flashcards,2022-02-06,43.17,min,,Priority
Study flashcards,2022-02-07,41.62,min,,Priority
Study flashcards,2022-02-08,54.12,min,,Priority
Study flashcards,2022-02-09,61.43,min,,Priority
Study flashcards,2022-02-10,55.6,min,,Priority
Study flashcards,2022-02-11,44.32,min,,Priority
Study flashcards,2022-02-13,62.12,min,,Priority
Study flashcards,2022-02-14,49.8,min,,Priority
Study flashcards,2022-02-15,52.63,min,,Priority
Study flashcards,2022-02-16,52.42,min,,Priority
Study flashcards,2022-02-17,50.28,min,,Priority
Study flashcards,2022-02-18,50.02,min,,Priority
Study flashcards,2022-02-20,49.58,min,,Priority
Study flashcards,2022-02-21,54.03,min,,Priority
Study flashcards,2022-02-22,51.2,min,,Priority
Study flashcards,2022-02-23,52.2,min,,Priority
Study flashcards,2022-02-24,54.57,min,ðŸ˜€ Bb look ppm ooo,Priority
Study flashcards,2022-02-25,44.83,min,,Priority
Study flashcards,2022-02-26,53.12,min,,Priority
Study flashcards,2022-02-27,71.63,min,,Priority
Study flashcards,2022-02-28,47.6,min,,Priority
Study flashcards,2022-03-01,57.95,min,,Priority
Study flashcards,2022-03-02,61.1,min,,Priority
Study flashcards,2022-03-03,58.52,min,,Priority
Study flashcards,2022-03-04,69.03,min,,Priority
Study flashcards,2022-03-05,58.35,min,,Priority
Study flashcards,2022-03-06,51.12,min,,Priority
Study flashcards,2022-03-07,55,min,,Priority
Study flashcards,2022-03-08,56.23,min,,Priority
Study flashcards,2022-03-09,49.27,min,,Priority
Study flashcards,2022-03-10,56.17,min,,Priority
Study flashcards,2022-03-11,56.87,min,,Priority
Study flashcards,2022-03-12,10.87,min,,Priority
Study flashcards,2022-03-13,102.27,min,,Priority
Study flashcards,2022-03-14,38.93,min,,Priority
Study flashcards,2022-03-15,59.5,min,,Priority
Study flashcards,2022-03-16,67.52,min,,Priority
Study flashcards,2022-03-17,72.87,min,,Priority
Study flashcards,2022-03-18,64.28,min,,Priority
Study flashcards,2022-03-19,71.05,min,,Priority
Study flashcards,2022-03-20,54.08,min,,Priority
Study flashcards,2022-03-21,58.8,min,,Priority
Study flashcards,2022-03-22,49.73,min,,Priority
Study flashcards,2022-03-23,58.4,min,,Priority
Study flashcards,2022-03-24,62.95,min,,Priority
Study flashcards,2022-03-25,68.6,min,,Priority
Study flashcards,2022-03-26,63.58,min,,Priority
Study flashcards,2022-03-27,65.62,min,,Priority
Study flashcards,2022-03-28,59.28,min,,Priority
Study flashcards,2022-03-29,53.55,min,,Priority
Study flashcards,2022-03-30,70.88,min,,Priority
Study flashcards,2022-03-31,80.7,min,,Priority
Study flashcards,2022-04-01,60.73,min,,Priority
Study flashcards,2022-04-03,51.77,min,,Priority
Study flashcards,2022-04-04,60.05,min,,Priority
Study flashcards,2022-04-05,57.45,min,,Priority
Study flashcards,2022-04-06,50.75,min,,Priority
Study flashcards,2022-04-07,57.42,min,,Priority
Study flashcards,2022-04-08,58.33,min,,Priority
Study flashcards,2022-04-09,57.18,min,,Priority
Study flashcards,2022-04-10,51.87,min,,Priority
Study flashcards,2022-04-11,56,min,,Priority
Study flashcards,2022-04-12,68.97,min,,Priority
Study flashcards,2022-04-13,88.8,min,,Priority
Study flashcards,2022-04-14,55.33,min,,Priority
Study flashcards,2022-04-15,69.1,min,,Priority
Study flashcards,2022-04-16,62.2,min,,Priority
Study flashcards,2022-04-17,51.87,min,,Priority
Study flashcards,2022-04-18,58.62,min,,Priority
Study flashcards,2022-04-19,76.3,min,,Priority
Study flashcards,2022-04-20,73.43,min,,Priority
Study flashcards,2022-04-21,60.43,min,,Priority
Study flashcards,2022-04-23,58.52,min,,Priority
Study flashcards,2022-04-24,59.67,min,,Priority
Study flashcards,2022-04-25,70.97,min,,Priority
Study flashcards,2022-04-26,77.53,min,,Priority
Study flashcards,2022-04-27,67.07,min,,Priority
Study flashcards,2022-04-28,66.18,min,,Priority
Study flashcards,2022-04-29,55.4,min,,Priority
Study flashcards,2022-04-30,53.93,min,,Priority
Study flashcards,2022-05-01,72.1,min,,Priority
Study flashcards,2022-05-02,66.35,min,,Priority
Study flashcards,2022-05-03,45.63,min,,Priority
Study flashcards,2022-05-04,62.17,min,,Priority
Study flashcards,2022-05-05,82,min,,Priority
Study flashcards,2022-05-06,67.18,min,,Priority
Study flashcards,2022-05-07,83.28,min,,Priority
Study flashcards,2022-05-08,97.63,min,,Priority
Study flashcards,2022-05-09,71.35,min,,Priority
Study flashcards,2022-05-10,66.75,min,ðŸ˜€ ,Priority
Study flashcards,2022-05-11,67.15,min,,Priority
Study flashcards,2022-05-12,72.27,min,,Priority
Study flashcards,2022-05-13,64.05,min,,Priority
Study flashcards,2022-05-14,85.92,min,,Priority
Study flashcards,2022-05-15,61.15,min,,Priority
Study flashcards,2022-05-16,71.57,min,,Priority
Study flashcards,2022-05-17,62.62,min,,Priority
Study flashcards,2022-05-18,83.42,min,,Priority
Study flashcards,2022-05-19,65.42,min,,Priority
Study flashcards,2022-05-20,70.18,min,,Priority
Study flashcards,2022-05-21,76.17,min,,Priority
Study flashcards,2022-05-22,65.12,min,,Priority
Study flashcards,2022-05-23,69.4,min,,Priority
Study flashcards,2022-05-25,43.27,min,,Priority
Study flashcards,2022-05-26,58.27,min,,Priority
Study flashcards,2022-05-27,63.92,min,,Priority
Study flashcards,2022-05-28,53.7,min,,Priority
Study flashcards,2022-05-29,56.1,min,,Priority
Study flashcards,2022-05-30,45.25,min,,Priority
Study flashcards,2022-05-31,55.28,min,,Priority
Study flashcards,2022-06-01,51.68,min,,Priority
Study flashcards,2022-06-02,50.65,min,,Priority
Study flashcards,2022-06-03,60.2,min,,Priority
Study flashcards,2022-06-04,47.48,min,,Priority
Study flashcards,2022-06-05,56.75,min,,Priority
Study flashcards,2022-06-06,47.03,min,,Priority
Study flashcards,2022-06-07,45.58,min,,Priority
Study flashcards,2022-06-08,62.52,min,,Priority
Study flashcards,2022-06-09,41.97,min,,Priority
Study flashcards,2022-06-10,53.55,min,,Priority
Study flashcards,2022-06-11,55.12,min,,Priority
Study flashcards,2022-06-12,48.45,min,,Priority
Study flashcards,2022-06-13,60.47,min,,Priority
Study flashcards,2022-06-14,43.53,min,,Priority
Study flashcards,2022-06-15,33.92,min,,Priority
Study flashcards,2022-06-16,39.33,min,,Priority
Study flashcards,2022-06-17,50.6,min,,Priority
Study flashcards,2022-06-18,30,min,,Priority
Study flashcards,2022-06-19,51.65,min,,Priority
Study flashcards,2022-06-20,42.52,min,,Priority
Study flashcards,2022-06-21,21.27,min,,Priority
Study flashcards,2022-06-22,24.82,min,,Priority
Study flashcards,2022-06-23,34.43,min,,Priority
Study flashcards,2022-06-24,27.27,min,,Priority
Study flashcards,2022-06-25,21.82,min,,Priority
Study flashcards,2022-06-26,23.98,min,,Priority
Study flashcards,2022-06-27,39.83,min,,Priority
Study flashcards,2022-06-28,50.1,min,,Priority
Study flashcards,2022-06-29,51.7,min,,Priority
Study flashcards,2022-06-30,48.3,min,,Priority
Study flashcards,2022-07-01,45.4,min,,Priority
Study flashcards,2022-07-02,45.2,min,,Priority
Study flashcards,2022-07-03,43.58,min,,Priority
Study flashcards,2022-07-04,49.98,min,,Priority
Study flashcards,2022-07-05,41.02,min,,Priority
Study flashcards,2022-07-06,39,min,,Priority
Study flashcards,2022-07-07,36.92,min,,Priority
Study flashcards,2022-07-08,40.27,min,,Priority
Study flashcards,2022-07-09,24.5,min,,Priority
Study flashcards,2022-07-10,45.07,min,,Priority
Study flashcards,2022-07-11,46.18,min,,Priority
Study flashcards,2022-07-12,61.43,min,,Priority
Study flashcards,2022-07-13,59.07,min,,Priority
Study flashcards,2022-07-14,58.32,min,,Priority
Study flashcards,2022-07-15,52.7,min,,Priority
Study flashcards,2022-07-16,51.58,min,,Priority
Study flashcards,2022-07-17,50.68,min,,Priority
Study flashcards,2022-07-18,58.27,min,,Priority
Study flashcards,2022-07-19,50.67,min,,Priority
Study flashcards,2022-07-20,57.85,min,,Priority
Study flashcards,2022-07-21,58.5,min,,Priority
Study flashcards,2022-07-22,59.35,min,,Priority
Study flashcards,2022-07-23,52.78,min,,Priority
Study flashcards,2022-07-24,47.8,min,,Priority
Study flashcards,2022-07-25,52.4,min,,Priority
Study flashcards,2022-07-26,58.92,min,,Priority
Study flashcards,2022-07-27,65.12,min,,Priority
Study flashcards,2022-07-28,7.35,min,,Priority
Study flashcards,2022-07-29,89.12,min,,Priority
Study flashcards,2022-07-30,50.08,min,,Priority
Study flashcards,2022-07-31,59.7,min,,Priority
Study flashcards,2022-08-01,46.6,min,,Priority
Study flashcards,2022-08-02,51.52,min,,Priority
Study flashcards,2022-08-03,61.9,min,,Priority
Study flashcards,2022-08-04,59.13,min,,Priority
Study flashcards,2022-08-05,53.23,min,,Priority
Study flashcards,2022-08-06,63.57,min,,Priority
Study flashcards,2022-08-07,64.25,min,,Priority
Study flashcards,2022-08-08,40.33,min,,Priority
Study flashcards,2022-08-09,53.83,min,,Priority
Study flashcards,2022-08-10,46.97,min,,Priority
Study flashcards,2022-08-11,63.38,min,,Priority
Study flashcards,2022-08-12,64.88,min,,Priority
Study flashcards,2022-08-13,46.9,min,,Priority
Study flashcards,2022-08-14,54.18,min,,Priority
Study flashcards,2022-08-15,63.15,min,,Priority
Study flashcards,2022-08-16,66.68,min,,Priority
Study flashcards,2022-08-17,55.37,min,,Priority
Study flashcards,2022-08-18,63.85,min,,Priority
Study flashcards,2022-08-19,59.07,min,,Priority
Study flashcards,2022-08-20,43.83,min,,Priority
Study flashcards,2022-08-21,37.88,min,,Priority
Study flashcards,2022-08-22,50.05,min,,Priority
Study flashcards,2022-08-23,49.43,min,,Priority
Study flashcards,2022-08-24,53.77,min,,Priority
Study flashcards,2022-08-25,60.92,min,,Priority
Study flashcards,2022-08-26,65.27,min,,Priority
Study flashcards,2022-08-27,67.13,min,,Priority
Study flashcards,2022-08-28,43.98,min,,Priority
Study flashcards,2022-08-29,45.02,min,,Priority
Study flashcards,2022-08-30,56.73,min,,Priority
Study flashcards,2022-08-31,60.62,min,,Priority
Study flashcards,2022-09-01,66.13,min,,Priority
Study flashcards,2022-09-02,52.83,min,,Priority
Study flashcards,2022-09-03,55.07,min,,Priority
Study flashcards,2022-09-04,40.83,min,,Priority
Study flashcards,2022-09-05,55.07,min,,Priority
Study flashcards,2022-09-06,52.8,min,,Priority
Study flashcards,2022-09-07,58.77,min,,Priority
Study flashcards,2022-09-08,52.53,min,,Priority
Study flashcards,2022-09-09,55.83,min,,Priority
Study flashcards,2022-09-10,56.07,min,,Priority
Study flashcards,2022-09-11,47.1,min,,Priority
Study flashcards,2022-09-12,52.88,min,,Priority
Study flashcards,2022-09-13,61.4,min,,Priority
Study flashcards,2022-09-14,65.33,min,,Priority
Study flashcards,2022-09-15,58.78,min,,Priority
Study flashcards,2022-09-16,62.87,min,,Priority
Study flashcards,2022-09-17,65.52,min,,Priority
Study flashcards,2022-09-18,62.12,min,,Priority
Study flashcards,2022-09-19,63.9,min,,Priority
Study flashcards,2022-09-20,64.63,min,,Priority
Study flashcards,2022-09-21,58.08,min,,Priority
Study flashcards,2022-09-22,62.63,min,,Priority
Study flashcards,2022-09-23,51.15,min,,Priority
Study flashcards,2022-09-24,42.82,min,,Priority
Study flashcards,2022-09-25,62.52,min,,Priority
Study flashcards,2022-09-26,58.45,min,,Priority
Study flashcards,2022-09-27,55.58,min,,Priority
Study flashcards,2022-09-28,56.17,min,,Priority
Study flashcards,2022-09-29,53.28,min,,Priority
Study flashcards,2022-09-30,62.9,min,,Priority
Study flashcards,2022-10-01,49.25,min,,Priority
Study flashcards,2022-10-02,64.18,min,,Priority
Study flashcards,2022-10-03,53.1,min,,Priority
Study flashcards,2022-10-04,66.07,min,,Priority
Study flashcards,2022-10-05,56.88,min,,Priority
Study flashcards,2022-10-06,48.03,min,,Priority
Study flashcards,2022-10-07,55.9,min,,Priority
Study flashcards,2022-10-08,53.73,min,,Priority
Study flashcards,2022-10-09,33.15,min,,Priority
Study flashcards,2022-10-10,48.12,min,,Priority
Study flashcards,2022-10-11,53.2,min,,Priority
Study flashcards,2022-10-12,51.8,min,,Priority
Study flashcards,2022-10-13,51.17,min,,Priority
Study flashcards,2022-10-14,62.22,min,,Priority
Study flashcards,2022-10-15,60.83,min,,Priority
Study flashcards,2022-10-16,65.07,min,,Priority
Study flashcards,2022-10-17,57.22,min,,Priority
Study flashcards,2022-10-18,51.62,min,,Priority
Study flashcards,2022-10-19,62.42,min,,Priority
Study flashcards,2022-10-20,67.98,min,,Priority
Study flashcards,2022-10-21,49.1,min,,Priority
Study flashcards,2022-10-22,51.37,min,,Priority
Study flashcards,2022-10-23,60.8,min,,Priority
Study flashcards,2022-10-24,45.43,min,,Priority
Study flashcards,2022-10-25,57.32,min,,Priority
Study flashcards,2022-10-26,52.78,min,,Priority
Study flashcards,2022-10-27,53.95,min,,Priority
Study flashcards,2022-10-28,52.17,min,,Priority
Study flashcards,2022-10-29,66.87,min,,Priority
Study flashcards,2022-10-30,64.95,min,,Priority
Study flashcards,2022-10-31,76.28,min,,Priority
Study flashcards,2022-11-01,73.72,min,,Priority
Study flashcards,2022-11-02,51,min,,Priority
Study flashcards,2022-11-03,52.97,min,,Priority
Study flashcards,2022-11-04,60.27,min,,Priority
Study flashcards,2022-11-05,66.62,min,,Priority
Study flashcards,2022-11-06,65.45,min,,Priority
Study flashcards,2022-11-07,67.37,min,,Priority
Study flashcards,2022-11-08,72,min,,Priority
Study flashcards,2022-11-09,66,min,,Priority
Study flashcards,2022-11-10,58.43,min,,Priority
Study flashcards,2022-11-11,70.6,min,,Priority
Passive Immersion,2020-09-03,45,min,,
Passive Immersion,2020-09-06,2.07,min,,
Passive Immersion,2020-09-07,30,min,,
Passive Immersion,2020-09-08,30,min,,
Passive Immersion,2020-09-10,30,min,,
Passive Immersion,2020-09-12,30,min,,
Passive Immersion,2020-09-15,0,min,,
Passive Immersion,2020-09-17,60,min,,
Passive Immersion,2020-09-19,87,min,,
Passive Immersion,2020-09-22,0,min,,
Passive Immersion,2020-09-23,0,min,,
Passive Immersion,2022-03-26,5.02,min,,
Passive Immersion,2022-05-19,2,min,,
Passive Immersion,2022-05-26,15,min,,
Passive Immersion,2022-05-29,40,min,,
Passive Immersion,2022-06-02,30,min,,
Passive Immersion,2022-06-03,27,min,,
Passive Immersion,2022-06-05,6,min,,
Passive Immersion,2022-06-05,28,min,,
Passive Immersion,2022-06-06,2.02,min,,
Passive Immersion,2022-06-07,16,min,,
Passive Immersion,2022-06-08,7,min,,
Passive Immersion,2022-06-09,44,min,,
Passive Immersion,2022-06-10,30,min,,
Passive Immersion,2022-06-13,7,min,,
Passive Immersion,2022-06-14,192,min,,
Passive Immersion,2022-06-15,171,min,,
Passive Immersion,2022-06-16,44,min,,
Passive Immersion,2022-06-17,25,min,,
Passive Immersion,2022-06-22,67,min,,
Passive Immersion,2022-06-23,137,min,,
Passive Immersion,2022-06-24,76,min,,
Passive Immersion,2022-06-25,57,min,,
Passive Immersion,2022-06-26,37,min,,
Passive Immersion,2022-06-27,104,min,,
Passive Immersion,2022-06-28,31,min,,
Passive Immersion,2022-06-29,135,min,,
Passive Immersion,2022-06-30,191,min,,
Passive Immersion,2022-07-01,50,min,,
Passive Immersion,2022-07-02,40,min,,
Passive Immersion,2022-07-04,112,min,,
Passive Immersion,2022-07-05,13,min,,
Passive Immersion,2022-07-06,108,min,,
Passive Immersion,2022-07-07,100,min,,
Passive Immersion,2022-07-08,185,min,,
Passive Immersion,2022-07-09,180,min,,
Passive Immersion,2022-07-10,86,min,,
Passive Immersion,2022-07-11,71,min,,
Passive Immersion,2022-07-12,224,min,,
Passive Immersion,2022-07-13,151,min,,
Passive Immersion,2022-07-14,150,min,,
Passive Immersion,2022-07-15,143,min,,
Passive Immersion,2022-07-16,97,min,,
Passive Immersion,2022-07-17,96,min,,
Passive Immersion,2022-07-18,94,min,,
Passive Immersion,2022-07-19,190,min,,
Passive Immersion,2022-07-20,27,min,,
Passive Immersion,2022-07-21,139,min,,
Passive Immersion,2022-07-22,124,min,,
Passive Immersion,2022-07-23,50,min,,
Passive Immersion,2022-07-24,53,min,,
Passive Immersion,2022-07-25,121,min,,
Passive Immersion,2022-07-26,165,min,,
Passive Immersion,2022-07-27,130,min,,
Passive Immersion,2022-07-28,18,min,,
Passive Immersion,2022-07-29,111,min,,
Passive Immersion,2022-07-30,62,min,,
Passive Immersion,2022-07-31,40,min,,
Passive Immersion,2022-08-01,201,min,,
Passive Immersion,2022-08-02,176,min,,
Passive Immersion,2022-08-03,120,min,,
Passive Immersion,2022-08-04,158,min,,
Passive Immersion,2022-08-05,127,min,,
Passive Immersion,2022-08-06,119,min,,
Passive Immersion,2022-08-07,97,min,,
Passive Immersion,2022-08-08,188,min,,
Passive Immersion,2022-08-09,189,min,,
Passive Immersion,2022-08-10,120,min,,
Passive Immersion,2022-08-11,38,min,,
Passive Immersion,2022-08-12,210,min,,
Passive Immersion,2022-08-13,108,min,,
Passive Immersion,2022-08-14,32,min,,
Passive Immersion,2022-08-15,136,min,,
Passive Immersion,2022-08-16,202,min,,
Passive Immersion,2022-08-17,164,min,,
Passive Immersion,2022-08-18,260,min,,
Passive Immersion,2022-08-19,145,min,,
Passive Immersion,2022-08-20,191,min,,
Passive Immersion,2022-08-21,255,min,,
Passive Immersion,2022-08-22,180,min,,
Passive Immersion,2022-08-23,184,min,,
Passive Immersion,2022-08-24,315,min,,
Passive Immersion,2022-08-25,78,min,,
Passive Immersion,2022-08-26,105,min,,
Passive Immersion,2022-08-27,22,min,,
Passive Immersion,2022-08-28,90,min,,
Passive Immersion,2022-08-29,140,min,,
Passive Immersion,2022-08-30,114,min,,
Passive Immersion,2022-08-31,165,min,,
Passive Immersion,2022-09-01,49,min,,
Passive Immersion,2022-09-02,114,min,,
Passive Immersion,2022-09-03,52,min,,
Passive Immersion,2022-09-04,45,min,,
Passive Immersion,2022-09-05,215,min,,
Passive Immersion,2022-09-06,147,min,,
Passive Immersion,2022-09-07,135,min,,
Passive Immersion,2022-09-08,91,min,,
Passive Immersion,2022-09-09,127,min,,
Passive Immersion,2022-09-11,56,min,,
Passive Immersion,2022-09-12,51,min,,
Passive Immersion,2022-09-13,76,min,,
Passive Immersion,2022-09-14,39,min,,
Passive Immersion,2022-09-15,35,min,,
Passive Immersion,2022-09-17,69,min,,
Passive Immersion,2022-09-19,41,min,,
Passive Immersion,2022-09-20,100,min,,
Passive Immersion,2022-09-21,2,min,,
Passive Immersion,2022-09-22,59,min,,
Passive Immersion,2022-09-23,103,min,,
Passive Immersion,2022-09-24,68,min,,
Passive Immersion,2022-09-26,85,min,,
Passive Immersion,2022-09-27,50,min,,
Passive Immersion,2022-09-29,202,min,,
Passive Immersion,2022-10-01,3,min,,
Passive Immersion,2022-10-02,38,min,,
Passive Immersion,2022-10-04,16,min,,
Passive Immersion,2022-10-05,13,min,,
Passive Immersion,2022-10-05,15,min,,
Passive Immersion,2022-10-07,120,min,,
Passive Immersion,2022-10-08,46,min,,
Passive Immersion,2022-10-10,12,min,,
Passive Immersion,2022-10-11,48,min,,
Passive Immersion,2022-10-12,30,min,,
Passive Immersion,2022-10-13,3,min,,
Passive Immersion,2022-10-14,61,min,,
Passive Immersion,2022-10-15,34,min,,
Passive Immersion,2022-10-16,53,min,,
Passive Immersion,2022-10-17,65,min,,
Passive Immersion,2022-10-18,37,min,,
Passive Immersion,2022-10-19,7,min,,
Passive Immersion,2022-10-20,197,min,,
Passive Immersion,2022-10-21,122,min,,
Passive Immersion,2022-10-22,37,min,,
Passive Immersion,2022-10-23,66,min,,
Passive Immersion,2022-10-24,83,min,,
Passive Immersion,2022-10-25,87,min,,
Passive Immersion,2022-10-26,131,min,,
Passive Immersion,2022-10-27,154,min,,
Passive Immersion,2022-10-28,173,min,,
Passive Immersion,2022-10-29,99,min,,
Passive Immersion,2022-10-30,287,min,,
Passive Immersion,2022-10-31,225,min,,
Passive Immersion,2022-11-01,86,min,,
Passive Immersion,2022-11-02,271,min,,
Passive Immersion,2022-11-03,161,min,,
Passive Immersion,2022-11-04,47,min,,
Passive Immersion,2022-11-05,184,min,,
Passive Immersion,2022-11-06,200,min,,
Passive Immersion,2022-11-07,260,min,,
Passive Immersion,2022-11-08,196,min,,
Passive Immersion,2022-11-09,177,min,,
Passive Immersion,2022-11-10,91,min,,
Passive Immersion,2022-11-11,114,min,,
Active Reading ,2022-06-09,0,min,,
Active Reading ,2022-06-15,3,min,,
Active Reading ,2022-06-16,22,min,,
Active Reading ,2022-06-18,2,min,,
Active Reading ,2022-06-19,25,min,,
Active Reading ,2022-06-20,1,min,,
Active Reading ,2022-06-22,15,min,,
Active Reading ,2022-06-25,35,min,,
Active Reading ,2022-06-26,30,min,,
Active Reading ,2022-06-27,49.75,min,,
Active Reading ,2022-06-28,50,min,,
Active Reading ,2022-06-29,49,min,,
Active Reading ,2022-06-30,51,min,,
Active Reading ,2022-07-01,30,min,,
Active Reading ,2022-07-02,32,min,,
Active Reading ,2022-07-03,51,min,,
Active Reading ,2022-07-04,30,min,,
Active Reading ,2022-07-05,44,min,,
Active Reading ,2022-07-06,37,min,,
Active Reading ,2022-07-07,57,min,,
Active Reading ,2022-07-08,31,min,,
Active Reading ,2022-07-09,37,min,,
Active Reading ,2022-07-10,46,min,,
Active Reading ,2022-07-11,15,min,,
Active Reading ,2022-07-12,52,min,,
Active Reading ,2022-07-13,51,min,,
Active Reading ,2022-07-14,50,min,,
Active Reading ,2022-07-15,50,min,,
Active Reading ,2022-07-16,37,min,,
Active Reading ,2022-07-17,25,min,,
Active Reading ,2022-07-18,20,min,,
Active Reading ,2022-07-19,30,min,,
Active Reading ,2022-07-20,50,min,,
Active Reading ,2022-07-21,50,min,,
Active Reading ,2022-07-22,10,min,,
Active Reading ,2022-07-23,6,min,,
Active Reading ,2022-07-24,51,min,,
Active Reading ,2022-07-25,50,min,,
Active Reading ,2022-07-26,50,min,,
Active Reading ,2022-07-27,52,min,,
Active Reading ,2022-07-29,22,min,,
Active Reading ,2022-07-30,26,min,,
Active Reading ,2022-07-31,25,min,,
Active Reading ,2022-08-01,67,min,,
Active Reading ,2022-08-02,81,min,,
Active Reading ,2022-08-03,52,min,,
Active Reading ,2022-08-04,36,min,,
Active Reading ,2022-08-05,64,min,,
Active Reading ,2022-08-07,22.48,min,,
Active Reading ,2022-08-08,40,min,,
Active Reading ,2022-08-09,66,min,,
Active Reading ,2022-08-10,41,min,,
Active Reading ,2022-08-11,16,min,,
Active Reading ,2022-08-12,21,min,,
Active Reading ,2022-08-13,37,min,,
Active Reading ,2022-08-14,30,min,,
Active Reading ,2022-08-15,5,min,,
Active Reading ,2022-08-16,30,min,,
Active Reading ,2022-08-17,30,min,,
Active Reading ,2022-08-18,20,min,,
Active Reading ,2022-08-19,35,min,,
Active Reading ,2022-08-20,35,min,,
Active Reading ,2022-08-21,30,min,,
Active Reading ,2022-08-22,31,min,,
Active Reading ,2022-08-23,30,min,,
Active Reading ,2022-08-24,33,min,,
Active Reading ,2022-08-25,14,min,,
Active Reading ,2022-08-26,21,min,,
Active Reading ,2022-08-27,20,min,,
Active Reading ,2022-08-28,32,min,,
Active Reading ,2022-08-29,45,min,,
Active Reading ,2022-08-30,36,min,,
Active Reading ,2022-08-31,26,min,,
Active Reading ,2022-09-01,27,min,,
Active Reading ,2022-09-02,26,min,,
Active Reading ,2022-09-03,32,min,,
Active Reading ,2022-09-04,31,min,,
Active Reading ,2022-09-05,28,min,,
Active Reading ,2022-09-06,31,min,,
Active Reading ,2022-09-07,30,min,,
Active Reading ,2022-09-08,32,min,,
Active Reading ,2022-09-09,30,min,,
Active Reading ,2022-09-10,31,min,,
Active Reading ,2022-09-11,23,min,,
Active Reading ,2022-09-12,40,min,,
Active Reading ,2022-09-13,30,min,,
Active Reading ,2022-09-14,35,min,,
Active Reading ,2022-09-15,20,min,,
Active Reading ,2022-09-16,30,min,,
Active Reading ,2022-09-17,34,min,,
Active Reading ,2022-09-18,31,min,,
Active Reading ,2022-09-19,26,min,,
Active Reading ,2022-09-20,30,min,,
Active Reading ,2022-09-21,30,min,,
Active Reading ,2022-09-22,21,min,,
Active Reading ,2022-09-23,22,min,,
Active Reading ,2022-09-24,21,min,,
Active Reading ,2022-09-25,32,min,,
Active Reading ,2022-09-26,11,min,,
Active Reading ,2022-09-27,30,min,,
Active Reading ,2022-09-29,20,min,,
Active Reading ,2022-09-30,25,min,,
Active Reading ,2022-10-01,21,min,,
Active Reading ,2022-10-02,21,min,,
Active Reading ,2022-10-03,28,min,,
Active Reading ,2022-10-04,20,min,,
Active Reading ,2022-10-05,20,min,,
Active Reading ,2022-10-05,23,min,,
Active Reading ,2022-10-06,20,min,,
Active Reading ,2022-10-07,22,min,,
Active Reading ,2022-10-09,36,min,,
Active Reading ,2022-10-10,21,min,,
Active Reading ,2022-10-11,24,min,,
Active Reading ,2022-10-12,20,min,,
Active Reading ,2022-10-13,23,min,,
Active Reading ,2022-10-14,20,min,,
Active Reading ,2022-10-15,25,min,,
Active Reading ,2022-10-16,25,min,,
Active Reading ,2022-10-17,22,min,,
Active Reading ,2022-10-18,21,min,,
Active Reading ,2022-10-20,20,min,,
Active Reading ,2022-10-21,10,min,,
Active Reading ,2022-10-22,2,min,,
Active Reading ,2022-10-23,21,min,,
Active Reading ,2022-10-24,20,min,,
Active Reading ,2022-10-25,20,min,,
Active Reading ,2022-10-26,21,min,,
Active Reading ,2022-10-27,21,min,,
Active Reading ,2022-10-28,20,min,,
Active Reading ,2022-10-29,20,min,,
Active Reading ,2022-10-30,21,min,,
Active Reading ,2022-11-01,20,min,,
Active Reading ,2022-11-02,20,min,,
Active Reading ,2022-11-03,17,min,,
Active Reading ,2022-11-04,20,min,,
Active Reading ,2022-11-05,21,min,,
Active Reading ,2022-11-06,21,min,,
Active Reading ,2022-11-07,20,min,,
Active Reading ,2022-11-08,21,min,,
Active Reading ,2022-11-09,21,min,,
Active Reading ,2022-11-10,24,min,,
Active Reading ,2022-11-11,20,min,,
Make flashcards,2020-09-28,240,min,ðŸ˜€ Skipped to study flashcards and Genki book,
Make flashcards,2020-09-29,240,min,,
Make flashcards,2020-09-30,240,min,,
Make flashcards,2020-10-01,120,min,,
Make flashcards,2020-10-02,0,min,ðŸ˜€ Skipped for Washington vacation!,
Make flashcards,2020-10-03,120,min,ðŸ˜€ ,
Make flashcards,2020-10-05,120,min,,
Make flashcards,2020-10-06,60,min,ðŸ˜€ ,
Make flashcards,2020-10-07,60,min,,
Make flashcards,2020-10-08,60,min,,
Make flashcards,2020-10-09,70,min,,
Make flashcards,2020-10-10,60,min,,
Make flashcards,2020-10-11,90,min,,
Make flashcards,2020-10-12,90,min,,
Make flashcards,2020-10-13,90,min,,
Make flashcards,2020-10-14,70,min,,
Make flashcards,2020-10-15,120,min,,
Make flashcards,2020-10-16,48.38,min,,
Make flashcards,2020-10-17,73.58,min,,
Make flashcards,2020-10-18,39.9,min,,
Make flashcards,2020-10-19,80,min,,
Make flashcards,2020-10-20,60,min,,
Make flashcards,2020-10-21,80,min,,
Make flashcards,2020-10-22,52,min,,
Make flashcards,2020-10-23,45,min,,
Make flashcards,2020-10-24,80,min,,
Make flashcards,2020-10-25,75,min,,
Make flashcards,2020-10-26,79.42,min,,
Make flashcards,2020-10-27,41.43,min,,
Make flashcards,2020-10-28,45,min,,
Make flashcards,2020-10-29,60,min,,
Make flashcards,2020-10-30,57.42,min,,
Make flashcards,2020-10-31,57,min,,
Make flashcards,2020-11-01,60,min,,
Make flashcards,2020-11-02,52.12,min,,
Make flashcards,2020-11-03,49.28,min,,
Make flashcards,2020-11-04,120,min,,
Make flashcards,2020-11-05,60,min,,
Make flashcards,2020-11-06,60,min,,
Make flashcards,2020-11-07,45,min,,
Make flashcards,2020-11-08,45,min,,
Make flashcards,2020-11-09,60,min,,
Make flashcards,2020-11-10,60,min,,
Make flashcards,2020-11-11,50,min,,
Make flashcards,2020-11-12,60,min,,
Make flashcards,2020-11-13,60,min,,
Make flashcards,2020-11-14,120,min,,
Make flashcards,2020-11-15,5,min,ðŸ˜€ ,
Make flashcards,2020-11-16,5,min,,
Make flashcards,2020-11-17,50,min,,
Make flashcards,2020-11-18,60,min,,
Make flashcards,2020-11-19,60,min,,
Make flashcards,2020-11-20,40,min,,
Make flashcards,2020-11-21,45,min,,
Make flashcards,2020-11-22,45,min,,
Make flashcards,2020-11-23,70,min,,
Make flashcards,2020-11-24,45,min,,
Make flashcards,2020-11-25,75,min,,
Make flashcards,2020-11-26,75,min,,
Make flashcards,2020-11-27,45,min,,
Make flashcards,2020-11-28,40,min,,
Make flashcards,2020-11-29,60,min,,
Make flashcards,2020-11-30,75,min,,
Make flashcards,2020-12-01,30,min,,
Make flashcards,2020-12-02,30,min,,
Make flashcards,2020-12-03,45,min,,
Make flashcards,2020-12-04,45,min,,
Make flashcards,2020-12-05,40,min,,
Make flashcards,2020-12-07,56.07,min,,
Make flashcards,2020-12-09,50,min,,
Make flashcards,2020-12-27,45,min,,
Make flashcards,2020-12-28,40,min,,
Make flashcards,2020-12-29,48,min,,
Make flashcards,2020-12-30,35,min,,
Make flashcards,2020-12-31,45,min,,
Make flashcards,2021-01-01,45,min,,
Make flashcards,2021-01-02,52,min,,
Make flashcards,2021-01-03,15,min,,
Make flashcards,2021-01-05,45,min,,
Make flashcards,2021-01-05,0,min,,
Make flashcards,2021-01-06,0,min,,
Make flashcards,2021-01-07,130,min,,
Make flashcards,2021-01-08,48.28,min,,
Make flashcards,2021-01-09,45,min,,
Make flashcards,2021-01-10,45,min,,
Make flashcards,2021-01-11,34.28,min,,
Make flashcards,2021-01-12,40,min,,
Make flashcards,2021-01-13,45,min,,
Make flashcards,2021-01-14,45,min,,
Make flashcards,2021-01-15,45,min,,
Make flashcards,2021-01-16,50,min,,
Make flashcards,2021-01-17,45,min,,
Make flashcards,2021-01-18,34,min,,
Make flashcards,2021-01-19,50,min,,
Make flashcards,2021-01-20,40,min,,
Make flashcards,2021-01-21,45,min,,
Make flashcards,2021-01-22,60,min,,
Make flashcards,2021-01-23,45,min,,
Make flashcards,2021-01-24,30,min,,
Make flashcards,2021-01-25,40,min,,
Make flashcards,2021-01-26,45,min,,
Make flashcards,2021-01-27,45,min,,
Make flashcards,2021-01-28,45,min,,
Make flashcards,2021-01-30,35,min,,
Make flashcards,2021-01-31,15,min,,
Make flashcards,2021-03-14,90,min,,
Make flashcards,2021-03-16,120,min,,
Make flashcards,2021-03-18,15,min,,
Make flashcards,2021-03-21,120,min,,
Make flashcards,2021-03-22,120,min,,
Make flashcards,2021-03-23,40,min,,
Make flashcards,2021-03-25,30,min,,
Make flashcards,2021-03-28,15,min,,
Make flashcards,2021-04-04,45,min,,
Make flashcards,2021-04-05,40,min,,
Make flashcards,2021-04-12,12,min,,
Make flashcards,2021-04-12,120,min,,
Make flashcards,2021-04-14,45,min,,
Make flashcards,2021-04-16,30,min,,
Make flashcards,2021-04-17,40,min,,
Make flashcards,2021-04-18,40,min,,
Make flashcards,2021-04-20,120,min,,
Make flashcards,2021-04-22,60,min,,
Make flashcards,2021-04-23,45,min,,
Make flashcards,2021-04-25,40,min,,
Make flashcards,2021-04-27,35,min,,
Make flashcards,2021-04-27,40,min,,
Make flashcards,2021-04-28,40,min,,
Make flashcards,2021-04-30,40,min,,
Make flashcards,2021-05-02,30,min,,
Make flashcards,2021-05-04,30,min,,
Make flashcards,2021-05-05,30,min,,
Make flashcards,2021-05-06,26,min,,
Make flashcards,2021-05-07,20,min,,
Make flashcards,2021-05-10,25,min,,
Make flashcards,2021-05-11,30,min,,
Make flashcards,2021-05-13,40,min,,
Make flashcards,2021-05-17,10,min,,
Make flashcards,2021-05-18,10,min,,
Make flashcards,2021-05-20,10,min,,
Make flashcards,2021-05-22,20,min,,
Make flashcards,2021-05-23,30,min,,
Make flashcards,2021-05-25,24,min,,
Make flashcards,2021-05-26,12,min,,
Make flashcards,2021-05-26,8,min,,
Make flashcards,2021-05-28,15,min,,
Make flashcards,2021-05-28,5,min,,
Make flashcards,2021-05-30,11,min,,
Make flashcards,2021-06-01,15,min,,
Make flashcards,2021-06-02,12,min,,
Make flashcards,2021-06-03,45,min,,
Make flashcards,2021-06-06,60,min,,
Make flashcards,2021-06-07,50,min,,
Make flashcards,2021-06-08,58,min,,
Make flashcards,2021-06-09,20,min,,
Make flashcards,2021-06-21,30,min,,
Make flashcards,2021-06-25,5,min,,
Make flashcards,2021-06-26,30,min,,
Make flashcards,2021-06-27,30,min,,
Make flashcards,2021-06-28,20,min,,
Make flashcards,2021-06-29,18,min,,
Make flashcards,2021-07-02,45,min,,
Make flashcards,2021-07-05,30,min,,
Make flashcards,2021-07-06,50,min,,
Make flashcards,2021-07-07,30,min,,
Make flashcards,2021-07-08,10,min,,
Make flashcards,2021-07-09,30,min,,
Make flashcards,2021-07-12,20,min,,
Make flashcards,2021-07-14,15,min,,
Make flashcards,2021-07-16,20,min,,
Make flashcards,2021-07-19,20,min,,
Make flashcards,2021-08-07,10,min,,
Make flashcards,2021-08-09,35,min,,
Make flashcards,2021-08-10,35,min,,
Make flashcards,2021-08-18,0,min,,
Make flashcards,2021-08-21,30,min,,
Make flashcards,2021-08-28,35.55,min,,
Make flashcards,2021-08-29,43.33,min,,
Make flashcards,2021-08-30,35,min,,
Make flashcards,2021-08-31,35,min,,
Make flashcards,2021-09-01,35,min,,
Make flashcards,2021-09-02,32,min,,
Make flashcards,2021-09-05,30,min,,
Make flashcards,2021-09-07,25,min,,
Make flashcards,2021-09-08,20,min,,
Make flashcards,2021-09-13,25,min,,
Make flashcards,2021-09-14,30,min,,
Make flashcards,2021-09-15,30,min,,
Make flashcards,2021-09-23,8,min,,
Make flashcards,2021-09-26,25,min,,
Make flashcards,2021-09-28,30,min,,
Make flashcards,2021-10-06,30,min,,
Make flashcards,2021-10-11,30,min,,
Make flashcards,2021-10-13,60,min,,
Make flashcards,2021-10-17,30,min,,
Make flashcards,2021-10-17,25,min,,
Make flashcards,2021-10-20,30,min,,
Make flashcards,2021-10-26,45,min,,
Make flashcards,2021-10-27,25,min,,
Make flashcards,2021-10-27,28,min,,
Make flashcards,2021-10-28,30,min,,
Make flashcards,2021-10-30,30,min,,
Make flashcards,2021-11-01,25,min,,
Make flashcards,2021-11-03,25,min,,
Make flashcards,2021-11-07,25,min,,
Make flashcards,2021-11-09,20,min,,
Make flashcards,2021-11-15,8,min,,
Make flashcards,2021-11-15,20,min,,
Make flashcards,2021-11-18,25,min,,
Make flashcards,2021-11-19,20,min,,
Make flashcards,2021-11-24,5,min,,
Make flashcards,2021-11-25,25,min,,
Make flashcards,2021-11-27,30,min,,
Make flashcards,2021-12-05,25,min,,
Make flashcards,2021-12-06,25,min,,
Make flashcards,2021-12-09,25,min,,
Make flashcards,2021-12-12,20,min,,
Make flashcards,2021-12-13,30,min,,
Make flashcards,2021-12-16,15,min,,
Make flashcards,2021-12-24,30,min,,
Make flashcards,2022-01-05,30,min,,
Make flashcards,2022-01-07,25,min,,
Make flashcards,2022-01-08,25,min,,
Make flashcards,2022-01-10,15,min,,
Make flashcards,2022-01-11,15,min,,
Make flashcards,2022-01-14,40,min,,
Make flashcards,2022-01-18,20,min,,
Make flashcards,2022-01-19,15,min,,
Make flashcards,2022-01-22,15,min,,
Make flashcards,2022-01-23,30,min,,
Make flashcards,2022-01-24,15,min,,
Make flashcards,2022-01-25,50,min,,
Make flashcards,2022-01-27,40,min,,
Make flashcards,2022-01-31,30,min,,
Make flashcards,2022-02-01,12,min,,
Make flashcards,2022-02-02,15,min,,
Make flashcards,2022-02-06,12,min,,
Make flashcards,2022-02-07,25,min,,
Make flashcards,2022-02-08,20,min,,
Make flashcards,2022-02-11,24,min,,
Make flashcards,2022-02-14,20,min,,
Make flashcards,2022-02-16,15,min,,
Make flashcards,2022-02-18,12,min,,
Make flashcards,2022-02-19,20,min,,
Make flashcards,2022-02-21,30,min,,
Make flashcards,2022-02-23,5,min,,
Make flashcards,2022-02-25,15,min,,
Make flashcards,2022-02-28,25,min,,
Make flashcards,2022-03-02,25,min,,
Make flashcards,2022-03-03,20,min,,
Make flashcards,2022-03-05,15,min,,
Make flashcards,2022-03-06,10,min,,
Make flashcards,2022-03-08,25,min,,
Make flashcards,2022-03-13,30,min,,
Make flashcards,2022-03-14,20,min,,
Make flashcards,2022-03-15,25,min,,
Make flashcards,2022-03-16,18,min,,
Make flashcards,2022-03-19,30,min,,
Make flashcards,2022-03-20,20,min,,
Make flashcards,2022-03-22,20,min,,
Make flashcards,2022-03-23,25,min,,
Make flashcards,2022-03-24,25,min,,
Make flashcards,2022-03-25,12,min,,
Make flashcards,2022-03-27,25,min,,
Make flashcards,2022-03-28,18,min,,
Make flashcards,2022-03-30,20,min,,
Make flashcards,2022-04-03,25,min,,
Make flashcards,2022-04-04,30,min,,
Make flashcards,2022-04-05,20,min,,
Make flashcards,2022-04-06,20,min,,
Make flashcards,2022-04-08,20,min,,
Make flashcards,2022-04-09,25,min,,
Make flashcards,2022-04-11,20,min,,
Make flashcards,2022-04-12,20,min,,
Make flashcards,2022-04-13,20,min,,
Make flashcards,2022-04-14,30,min,,
Make flashcards,2022-04-19,18,min,,
Make flashcards,2022-04-20,30,min,,
Make flashcards,2022-04-23,20,min,,
Make flashcards,2022-04-25,25,min,,
Make flashcards,2022-04-26,25,min,,
Make flashcards,2022-04-27,25,min,,
Make flashcards,2022-04-30,25,min,,
Make flashcards,2022-05-01,45,min,,
Make flashcards,2022-05-03,25,min,,
Make flashcards,2022-05-04,25,min,,
Make flashcards,2022-05-06,30,min,,
Make flashcards,2022-05-10,30,min,,
Make flashcards,2022-05-11,50,min,,
Make flashcards,2022-05-13,25,min,,
Make flashcards,2022-05-14,25,min,,
Make flashcards,2022-05-15,25,min,,
Make flashcards,2022-05-16,20,min,,
Make flashcards,2022-05-17,20,min,,
Make flashcards,2022-05-18,20,min,,
Make flashcards,2022-05-19,20,min,,
Make flashcards,2022-05-20,25,min,,
Make flashcards,2022-05-21,25,min,,
Make flashcards,2022-05-26,0,min,,
Make flashcards,2022-05-28,21,min,,
Make flashcards,2022-05-30,18,min,,
Make flashcards,2022-06-12,20,min,,
Make flashcards,2022-06-13,20,min,,
Make flashcards,2022-06-14,20,min,,
Make flashcards,2022-06-15,18,min,,
Make flashcards,2022-06-16,22,min,,
Make flashcards,2022-06-18,4,min,,
Make flashcards,2022-06-19,95,min,,
Make flashcards,2022-06-23,30,min,,
Make flashcards,2022-06-25,45,min,,
Make flashcards,2022-06-26,30,min,,
Make flashcards,2022-06-28,30,min,,
Make flashcards,2022-06-29,24,min,,
Make flashcards,2022-06-30,21,min,,
Make flashcards,2022-07-01,20,min,,
Make flashcards,2022-07-02,20,min,,
Make flashcards,2022-07-03,28,min,,
Make flashcards,2022-07-04,16,min,,
Make flashcards,2022-07-06,15,min,,
Make flashcards,2022-07-07,18,min,,
Make flashcards,2022-07-09,15,min,,
Make flashcards,2022-07-10,30,min,,
Make flashcards,2022-07-11,20,min,,
Make flashcards,2022-07-12,18,min,,
Make flashcards,2022-07-13,20,min,,
Make flashcards,2022-07-14,20,min,,
Make flashcards,2022-07-15,35,min,,
Make flashcards,2022-07-17,30,min,,
Make flashcards,2022-07-19,14,min,,
Make flashcards,2022-07-21,40,min,,
Make flashcards,2022-07-22,20,min,,
Make flashcards,2022-07-23,20,min,,
Make flashcards,2022-07-24,18,min,,
Make flashcards,2022-07-25,20,min,,
Make flashcards,2022-07-26,20,min,,
Make flashcards,2022-07-27,20,min,,
Make flashcards,2022-07-29,15,min,,
Make flashcards,2022-07-30,20,min,,
Make flashcards,2022-07-31,12,min,,
Make flashcards,2022-08-01,20,min,,
Make flashcards,2022-08-02,18,min,,
Make flashcards,2022-08-03,15,min,,
Make flashcards,2022-08-04,18,min,,
Make flashcards,2022-08-05,20,min,,
Make flashcards,2022-08-06,20,min,,
Make flashcards,2022-08-08,20,min,,
Make flashcards,2022-08-09,20,min,,
Make flashcards,2022-08-10,8,min,,
Make flashcards,2022-08-11,20,min,,
Make flashcards,2022-08-13,20,min,,
Make flashcards,2022-08-14,15,min,,
Make flashcards,2022-08-15,20,min,,
Make flashcards,2022-08-16,18,min,,
Make flashcards,2022-08-17,15,min,,
Make flashcards,2022-08-18,15,min,,
Make flashcards,2022-08-19,10,min,,
Make flashcards,2022-08-20,10,min,,
Make flashcards,2022-08-21,20,min,,
Make flashcards,2022-08-22,15,min,,
Make flashcards,2022-08-23,8,min,,
Make flashcards,2022-08-24,8,min,,
Make flashcards,2022-08-25,20,min,,
Make flashcards,2022-08-26,20.07,min,,
Make flashcards,2022-08-28,15,min,,
Make flashcards,2022-08-29,10,min,,
Make flashcards,2022-08-30,20,min,,
Make flashcards,2022-08-31,15,min,,
Make flashcards,2022-09-01,12,min,,
Make flashcards,2022-09-02,10,min,,
Make flashcards,2022-09-03,5,min,,
Make flashcards,2022-09-04,15,min,,
Make flashcards,2022-09-05,5,min,,
Make flashcards,2022-09-06,28,min,,
Make flashcards,2022-09-07,15,min,,
Make flashcards,2022-09-08,20,min,,
Make flashcards,2022-09-09,18,min,,
Make flashcards,2022-09-10,15,min,,
Make flashcards,2022-09-11,15,min,,
Make flashcards,2022-09-12,20,min,,
Make flashcards,2022-09-13,15,min,,
Make flashcards,2022-09-14,12,min,,
Make flashcards,2022-09-15,20,min,,
Make flashcards,2022-09-16,20,min,,
Make flashcards,2022-09-17,18,min,,
Make flashcards,2022-09-18,15,min,,
Make flashcards,2022-09-19,30,min,,
Make flashcards,2022-09-20,20,min,,
Make flashcards,2022-09-21,18,min,,
Make flashcards,2022-09-22,20,min,,
Make flashcards,2022-09-23,15,min,,
Make flashcards,2022-09-24,15,min,,
Make flashcards,2022-09-25,15,min,,
Make flashcards,2022-09-26,14,min,,
Make flashcards,2022-09-27,10,min,,
Make flashcards,2022-09-29,15,min,,
Make flashcards,2022-09-30,15,min,,
Make flashcards,2022-10-01,20,min,,
Make flashcards,2022-10-02,12,min,,
Make flashcards,2022-10-04,20,min,,
Make flashcards,2022-10-05,15,min,,
Make flashcards,2022-10-05,30,min,,
Make flashcards,2022-10-06,10,min,,
Make flashcards,2022-10-07,10,min,,
Make flashcards,2022-10-08,5,min,,
Make flashcards,2022-10-09,8,min,,
Make flashcards,2022-10-10,15,min,,
Make flashcards,2022-10-11,10,min,,
Make flashcards,2022-10-12,15,min,,
Make flashcards,2022-10-13,15,min,,
Make flashcards,2022-10-14,12,min,,
Make flashcards,2022-10-15,10,min,,
Make flashcards,2022-10-16,12,min,,
Make flashcards,2022-10-17,10,min,,
Make flashcards,2022-10-18,10,min,,
Make flashcards,2022-10-19,10,min,,
Make flashcards,2022-10-21,15,min,,
Make flashcards,2022-10-22,5,min,,
Make flashcards,2022-10-24,10,min,,
Make flashcards,2022-10-25,10,min,,
Make flashcards,2022-10-26,5,min,,
Make flashcards,2022-10-27,12,min,,
Make flashcards,2022-10-28,12,min,,
Make flashcards,2022-10-29,15,min,,
Make flashcards,2022-10-30,8,min,,
Make flashcards,2022-10-31,10,min,,
Make flashcards,2022-11-01,20,min,,
Make flashcards,2022-11-02,10,min,,
Make flashcards,2022-11-03,10,min,,
Make flashcards,2022-11-04,10,min,,
Make flashcards,2022-11-05,10,min,,
Make flashcards,2022-11-06,12,min,,
Make flashcards,2022-11-07,8,min,,
Make flashcards,2022-11-08,10,min,,
Make flashcards,2022-11-09,15,min,,
Make flashcards,2022-11-10,10,min,,
Make flashcards,2022-11-11,12,min,,
